,Factor_1,Factor_2,Factor_3
temperature_c,-0.04782240551388243,-0.06045859487822127,0.24995678319013637
humidity,0.04085812460691101,-0.055900031980147355,0.1936426511929732
rain_mm,0.0269417529000998,0.10238676921400147,0.4257267353217888
wind_speed_kmh,0.9973185658663304,0.00091526403634047,0.028570705654503082
vehicle_count,0.0803919182000019,0.26398031725105947,-0.20435060056771917
avg_speed_kmh,-0.07784581056379944,0.5685698851463459,-0.018466873574322456
accident_count,0.012781040110616142,0.21412104494884937,-0.004161280077511949
